title,score,url,created_utc
Belle Delphine MxR Plays Henry deepfake,52,https://v.redd.it/3vc42wuph8ya1,1683388904.0
"[DeepFake] ""Henrietta Delphine"" - Henry (MxR) combined with Belle Delphine (NSFW just in case)",37,https://v.redd.it/7emkwbviiwx81,1651862910.0
Jack Sparrow meets Johny Depp (Rum Diary deepfake),16,https://v.redd.it/2u9vfi95stt91,1665777159.0
Joe Biden - president of The United States Of America (a deepfake),17,https://v.redd.it/p64a2dzb8eha1,1676049010.0
Belle Delphine simps for Henry MxR Plays deepfake,15,https://v.redd.it/bsomcjiui8ya1,1683389275.0
[DeepFake] Kamala Harris Joker - Significance of the Passage of Time,10,https://v.redd.it/cvo3tu3dfwz81,1652733458.0
Jack Sparrow in Aquaman pt.1 (deepfake),7,https://v.redd.it/9ai9a3yzvtt91,1665778560.0
"Tulsi Gabbard is Wonder Woman v4 (deepfake, ~1300k it, more A input)",6,https://v.redd.it/6gczzb7pga6a1,1671209364.0
"Trump: Take On Me (deepfake - not a full or good one, but still fun experiment for me)",5,https://v.redd.it/703nqrvrmcda1,1674286254.0
"[DeepFake] Pirates of the Middle Earth - Captain Gimli Sparrow and ""Legolas"" Will Turner (I tried my best)",5,https://v.redd.it/adws06dttjh91,1660426524.0
"[DeepFake] Kamala Harris Joker - not too good, but still fun",3,https://v.redd.it/hfd7p5ra3wz81,1652729397.0
Scary Movie 6 (deepfake Biden Campaign) trailer,3,https://v.redd.it/13b2l5ap3vwa1,1682790921.0
"Tulsi Gabbard is Wonder Woman v2 (deepfake, ~840k it)",3,https://v.redd.it/yomvom1m152a1,1669400965.0
Calls of Mass Confusion deepfake,2,https://www.reddit.com/r/DeepFakeOne/comments/153460k/calls_of_mass_confusion_deepfake/,1689700064.0
Deepfake Zelensky in an old Russian movie. As it often goes - can't even decide if the deepfake is any good (recognizable without prior knowledge).,2,https://v.redd.it/u33j74691j6b1,1686985360.0
"Tulsi Gabbard is Wonder Woman v3 (deepfake, ~1040k it, more B input)",2,https://v.redd.it/zjlgx1pucm3a1,1670045842.0
Tulsi Gabbard is Wonder Woman v1 (deepfake),2,https://v.redd.it/814j6uio1lw91,1666978934.0
Jack Sparrow in Aquaman pt.2 (deepfake),2,https://v.redd.it/1fqpivgj0ut91,1665780175.0
"[DeepFake] Kamala Harris Joker burns money (not too good, but again - I did my best)",2,https://v.redd.it/s35ntkdl4wz81,1652729780.0
"[DeepFake] Kamala Harris in Dark Knight 2008 trailer (not too good, but I tried)",2,https://v.redd.it/m7t38yts3wz81,1652729591.0
[DeepFake] Scarface Tony Montana's alter ego - Olodimyr Elensky,2,https://v.redd.it/2a67f9cxfwx81,1651862076.0
"Pirates of the Middle-earth. Step 1 - meet Will ""Legolas"" Turner. Not perfect, but the best I could do.",1,https://v.redd.it/p3yyjnc399391,1654196449.0
[DeepFake] Kamala Harris Joker on Jan 6,1,https://v.redd.it/wgr7xezqzwz81,1652740328.0
"[DeepFake] Kamala Harris Joker nurse scene (barely recognizable at best, some frames not changed)",1,https://v.redd.it/e35cs9cc9wz81,1652731473.0
